<?xml version="1.0" encoding="UTF-8" ?>
<!DOCTYPE mapper PUBLIC "-//mybatis.org//DTD Mapper 3.0//EN" "http://mybatis.org/dtd/mybatis-3-mapper.dtd" >
<mapper namespace="com.secbro.mapper.db2.UserMapper" >
    <resultMap id="BaseResultMap" type="com.secbro.model.User" >
        <id column="id" property="id" jdbcType="INTEGER" />
        <result column="username" property="username" jdbcType="VARCHAR" />
        <result column="age" property="age" jdbcType="INTEGER" />
    </resultMap>

    <sql id="Base_Column_List" >
        id, username, age
    </sql>

    <insert id="save" parameterType="com.secbro.model.User">
        INSERT INTO
       		tb_user
       		(username,age)
       	VALUES
       		(#{username}, #{username})

    </insert>

    <update id="update" parameterType="com.secbro.model.User">
        UPDATE
          tb_user
        <set>
            <if test="username != null">order_no = #{username},</if>
            <if test="age != null">age = #{age},</if>
        </set>
        WHERE
        id = #{id}
    </update>

    <delete id="delete" parameterType="int">
      DELETE
      FROM tb_user
      WHERE id =#{id}
    </delete>

    <select id="findById" parameterType="int" resultMap="BaseResultMap" >
        SELECT
        <include refid="Base_Column_List" />
        FROM tb_user
        WHERE id = #{id}
    </select>

    <select id="findAll" resultMap="BaseResultMap" >
        SELECT
        <include refid="Base_Column_List" />
        FROM tb_user
    </select>


</mapper>