<?xml version="1.0" encoding="UTF-8"?>
<!DOCTYPE mapper PUBLIC "-//mybatis.org//DTD Mapper 3.0//EN" "http://mybatis.org/dtd/mybatis-3-mapper.dtd">

<mapper namespace="com.financia.system.mapper.MemberWalletNationalCurrencyMapper">

	<!-- 可根据自己的需求，是否要使用 -->
    <resultMap type="com.financia.exchange.MemberWalletNationalCurrency" id="memberWalletNationalCurrencyMap">
        <result property="id" column="id"/>
        <result property="coinId" column="coin_id"/>
        <result property="memberId" column="member_id"/>
        <result property="money" column="money"/>
        <result property="nationalMoney" column="national_money"/>
        <result property="freezeMoney" column="freeze_money"/>
        <result property="createTime" column="create_time"/>
        <result property="updateTime" column="update_time"/>
        <result property="status" column="status"/>
    </resultMap>

    <sql id="selectMemberWalletNationalCurrencyVo">
        select id, coin_id, member_id, money, national_money, freeze_money, create_time, update_time, status from member_wallet_national_currency
    </sql>

    <select id="selectMemberWalletNationalCurrencyList" parameterType="com.financia.exchange.MemberWalletNationalCurrency" resultMap="memberWalletNationalCurrencyMap">
        <include refid="selectMemberWalletNationalCurrencyVo"/>
        <where>
            <if test="coinId != null  and coinId != ''"> and coin_id = #{coinId}</if>
            <if test="memberId != null "> and member_id = #{memberId}</if>
            <if test="money != null "> and money = #{money}</if>
            <if test="nationalMoney != null "> and national_money = #{nationalMoney}</if>
            <if test="freezeMoney != null "> and freeze_money = #{freezeMoney}</if>
            <if test="status != null "> and status = #{status}</if>
        </where>
    </select>

    <select id="selectMemberWalletNationalCurrencyById" parameterType="Long" resultMap="memberWalletNationalCurrencyMap">
        <include refid="selectMemberWalletNationalCurrencyVo"/>
        where id = #{id}
    </select>

    <select id="selectNationalCurrencyByMemberIdAndCoinId" parameterType="com.financia.exchange.MemberWalletNationalCurrency" resultMap="memberWalletNationalCurrencyMap">
        <include refid="selectMemberWalletNationalCurrencyVo"/>
        <where>
            <if test="coinId != null  and coinId != ''"> and coin_id = #{coinId}</if>
            <if test="memberId != null "> and member_id = #{memberId}</if>
            <if test="nationalMoney != null "> and national_money = #{nationalMoney}</if>
            <if test="freezeMoney != null "> and freeze_money = #{freezeMoney}</if>
            <if test="status != null "> and status = #{status}</if>
        </where>
    </select>

    <insert id="insertMemberWalletNationalCurrency" parameterType="com.financia.exchange.MemberWalletNationalCurrency" useGeneratedKeys="true" keyProperty="id">
        insert into member_wallet_national_currency
        <trim prefix="(" suffix=")" suffixOverrides=",">
            <if test="coinId != null and coinId != ''">coin_id,</if>
            <if test="memberId != null">member_id,</if>
            <if test="money != null">money,</if>
            <if test="nationalMoney != null">national_money,</if>
            <if test="freezeMoney != null">freeze_money,</if>
            <if test="createTime != null">create_time,</if>
            <if test="updateTime != null">update_time,</if>
            <if test="status != null">status,</if>
        </trim>
        <trim prefix="values (" suffix=")" suffixOverrides=",">
            <if test="coinId != null and coinId != ''">#{coinId},</if>
            <if test="memberId != null">#{memberId},</if>
            <if test="money != null">#{money},</if>
            <if test="nationalMoney != null">#{nationalMoney},</if>
            <if test="freezeMoney != null">#{freezeMoney},</if>
            <if test="createTime != null">#{createTime},</if>
            <if test="updateTime != null">#{updateTime},</if>
            <if test="status != null">#{status},</if>
        </trim>
    </insert>

    <update id="updateMemberWalletNationalCurrency" parameterType="com.financia.exchange.MemberWalletNationalCurrency">
        update member_wallet_national_currency
        <trim prefix="SET" suffixOverrides=",">
            <if test="coinId != null and coinId != ''">coin_id = #{coinId},</if>
            <if test="memberId != null">member_id = #{memberId},</if>
            <if test="money != null">money = #{money},</if>
            <if test="nationalMoney != null">national_money = #{nationalMoney},</if>
            <if test="freezeMoney != null">freeze_money = #{freezeMoney},</if>
            <if test="createTime != null">create_time = #{createTime},</if>
            <if test="updateTime != null">update_time = #{updateTime},</if>
            <if test="status != null">status = #{status},</if>
        </trim>
        where id = #{id}
    </update>

    <update id="addMoney" parameterType="com.financia.exchange.MemberWalletNationalCurrency">
        update member_wallet_national_currency
        <trim prefix="SET" suffixOverrides=",">
            money = money+#{money},
            national_money = national_money+#{money},
        </trim>
        where 1=1
        and member_id = #{memberId}
        and coin_id = #{coinId}
    </update>

    <update id="subMoney" parameterType="com.financia.exchange.MemberWalletNationalCurrency">
        update member_wallet_national_currency
        <trim prefix="SET" suffixOverrides=",">
            money = money-#{money},
            national_money = national_money-#{money},
        </trim>
        where 1=1
        and member_id = #{memberId}
        and coin_id = #{coinId}
    </update>

    <delete id="deleteMemberWalletNationalCurrencyById" parameterType="Long">
        delete from member_wallet_national_currency where id = #{id}
    </delete>

    <delete id="deleteMemberWalletNationalCurrencyByIds" parameterType="String">
        delete from member_wallet_national_currency where id in
        <foreach item="id" collection="array" open="(" separator="," close=")">
            #{id}
        </foreach>
    </delete>

</mapper>
