<?xml version="1.0" encoding="UTF-8"?>
<!DOCTYPE mapper PUBLIC "-//mybatis.org//DTD Mapper 3.0//EN" "http://mybatis.org/dtd/mybatis-3-mapper.dtd">

<mapper namespace="com.financia.system.favorite.mapper.MemberFavoritesMapper">

    <resultMap type="com.financia.common.MemberFavorites" id="memberFavoritesMap">
        <result property="id" column="id"/>
        <result property="symbol" column="symbol"/>
        <result property="type" column="type"/>
        <result property="memberId" column="member_id"/>
        <result property="status" column="status"/>
        <result property="createTime" column="create_time"/>
    </resultMap>


</mapper>
