<?xml version="1.0" encoding="UTF-8"?>
<!DOCTYPE mapper PUBLIC "-//mybatis.org//DTD Mapper 3.0//EN" "http://mybatis.org/dtd/mybatis-3-mapper.dtd">

<mapper namespace="com.financia.system.mapper.MemberCompanyWalletAddressMapper">

	<!-- 可根据自己的需求，是否要使用 -->
    <resultMap type="com.financia.exchange.MemberCompanyWalletAddress" id="memberCompanyWalletAddressMap">
        <result property="id" column="id"/>
        <result property="address" column="address"/>
        <result property="privateKey" column="private_key"/>
        <result property="amount" column="amount"/>
        <result property="energyValue" column="energy_value"/>
        <result property="chainId" column="chain_id"/>
        <result property="chainName" column="chain_name"/>
        <result property="updateTime" column="update_time"/>
        <result property="createTime" column="create_time"/>
        <result property="status" column="status"/>
    </resultMap>


</mapper>
