<?xml version="1.0" encoding="UTF-8"?>
<!DOCTYPE mapper PUBLIC "-//mybatis.org//DTD Mapper 3.0//EN" "http://mybatis.org/dtd/mybatis-3-mapper.dtd">

<mapper namespace="com.financia.exchange.mapper.PVerificationCodeMapper">

	<!-- 可根据自己的需求，是否要使用 -->
    <resultMap type="com.financia.common.PVerificationCode" id="pVerificationCodeMap">
        <result property="id" column="id"/>
        <result property="type" column="type"/>
        <result property="action" column="action"/>
        <result property="contact" column="contact"/>
        <result property="code" column="code"/>
        <result property="createTime" column="create_time"/>
        <result property="status" column="status"/>
    </resultMap>


</mapper>
