<?xml version="1.0" encoding="UTF-8"?>
<!DOCTYPE generatorConfiguration
        PUBLIC "-//mybatis.org//DTD MyBatis Generator Configuration 1.0//EN"
        "http://mybatis.org/dtd/mybatis-generator-config_1_0.dtd">

<generatorConfiguration>
    <properties resource="generator.properties"/>
    <context id="MySqlContext" targetRuntime="MyBatis3" defaultModelType="flat">
        <property name="beginningDelimiter" value="`"/>
        <property name="endingDelimiter" value="`"/>
        <property name="javaFileEncoding" value="UTF-8"/>
        <!-- 为模型生成序列化方法-->
        <plugin type="org.mybatis.generator.plugins.SerializablePlugin"/>
        <!-- 为生成的Java模型创建一个toString方法 -->
        <plugin type="org.mybatis.generator.plugins.ToStringPlugin"/>
        <!--可以自定义生成model的代码注释-->
        <commentGenerator type="com.zlp.utils.CommentGenerator">
            <!-- 是否去除自动生成的注释 true：是 ： false:否 -->
            <property name="suppressAllComments" value="true"/>
            <property name="suppressDate" value="true"/>
            <property name="addRemarkComments" value="true"/>
        </commentGenerator>
        <!--配置数据库连接-->
        <jdbcConnection driverClass="${jdbc.driverClass}"
                        connectionURL="${jdbc.connectionURL}"
                        userId="${jdbc.userId}"
                        password="${jdbc.password}">
            <!--解决mysql驱动升级到8.0后不生成指定数据库代码的问题-->
            <property name="nullCatalogMeansCurrent" value="true" />
        </jdbcConnection>
<!--        src\main\java\com\com.zlp\domian\entity-->
<!--        com.zlp-mall-demo\mall-springboot-mybatis-->
        <!--指定生成entity的路径-->
        <javaModelGenerator targetPackage="com.zlp.domian.entity" targetProject="mall-springboot-mybatis\src\main\java"/>
        <!--指定生成mapper.xml的路径-->
        <sqlMapGenerator targetPackage="com.zlp.mapper" targetProject="mall-springboot-mybatis\src\main\resources"/>
        <!--指定生成mapper接口的的路径-->
        <javaClientGenerator type="XMLMAPPER" targetPackage="com.zlp.domian.mapper"
                             targetProject="mall-springboot-mybatis\src\main\java"/>
        <!--生成全部表tableName设为%-->
        <table tableName="pms_brand">
            <generatedKey column="id" sqlStatement="MySql" identity="true"/>
        </table>
    </context>
</generatorConfiguration>