<?xml version="1.0" encoding="UTF-8"?>

<configuration scan="true" scanPeriod="60 seconds" debug="true">

    <contextName>beta-log</contextName>

    <!-- 通过property标签,来存放key-value数据,便于后面的动态获取,提高程序的灵活性 -->
<!--    <property name="log.path" value="./log" />-->
    <springProperty scope="context" name="log.path" source="catalina.base"/>

    <!-- 彩色日志 -->
    <!-- 彩色日志依赖的渲染类 -->
    <conversionRule conversionWord="clr" converterClass="org.springframework.boot.logging.logback.ColorConverter" />
    <conversionRule conversionWord="wex" converterClass="org.springframework.boot.logging.logback.WhitespaceThrowableProxyConverter" />
    <conversionRule conversionWord="wEx" converterClass="org.springframework.boot.logging.logback.ExtendedWhitespaceThrowableProxyConverter" />
    <!-- 彩色日志格式 -->
    <property name="CONSOLE_LOG_PATTERN"
              value="${CONSOLE_LOG_PATTERN:-%clr(%d{yyyy-MM-dd HH:mm:ss.SSS}){faint} %clr(${LOG_LEVEL_PATTERN:-%5p}) [%X{request-id}] %clr(${PID:- }){magenta} %clr(---){faint} %clr([%15.15t]){faint} %clr(%-40.40logger{39}){cyan} %clr(:){faint} %m%n${LOG_EXCEPTION_CONVERSION_WORD:-%wEx}}"/>
    <!-- 文件输出日志格式 -->
    <property name="FILE_LOG_PATTERN" value="%d{yyyy-MM-dd HH:mm:ss.SSS} %contextName [%thread] %-5level %logger{36} - %msg%n" />

    <!-- 输出到控制台  -->
    <appender name="CONSOLE" class="ch.qos.logback.core.ConsoleAppender">
        <encoder>
            <!--<pattern>%d{HH:mm:ss.SSS} %contextName [%thread] %-5level %logger{36}:%L- %msg%n</pattern>-->
            <Pattern>${CONSOLE_LOG_PATTERN}</Pattern>
            <!-- 设置日志编码字符集 -->
            <charset class="java.nio.charset.Charset">UTF-8</charset>
        </encoder>
        <!--此日志appender是为开发使用，只配置最底级别，控制台输出的日志级别是大于或等于此级别的日志信息-->
        <filter class="ch.qos.logback.classic.filter.ThresholdFilter">
            <level>DEBUG</level>
        </filter>
    </appender>

    <!-- 时间滚动输出 level为 INFO 日志 -->
    <appender name="INFO_FILE" class="ch.qos.logback.core.rolling.RollingFileAppender">
        <!--日志文件输出格式-->
        <encoder>
            <pattern>${FILE_LOG_PATTERN}</pattern>
            <charset class="java.nio.charset.Charset">UTF-8</charset>
        </encoder>
        <!-- 正在记录的日志文件的路径及文件名 -->
        <file>${log.path}/log_info.log</file>
        <!-- 此日志文件只记录info级别的 -->
        <filter class="ch.qos.logback.classic.filter.LevelFilter">
            <level>info</level>
<!--            <onMatch>ACCEPT</onMatch>-->
<!--            <onMismatch>DENY</onMismatch>-->
        </filter>
        <!-- 日志记录器的滚动策略，按日期，按大小记录 -->
        <rollingPolicy class="ch.qos.logback.core.rolling.TimeBasedRollingPolicy">
            <!-- 每天日志归档路径以及格式 -->
            <fileNamePattern>${log.path}/info/log-info-%d{yyyy-MM-dd}.%i.log</fileNamePattern>
            <timeBasedFileNamingAndTriggeringPolicy class="ch.qos.logback.core.rolling.SizeAndTimeBasedFNATP">
                <maxFileSize>100MB</maxFileSize>
            </timeBasedFileNamingAndTriggeringPolicy>
            <!--日志文件保留天数-->
            <maxHistory>15</maxHistory>
        </rollingPolicy>
    </appender>

    <!-- 时间滚动输出 level为 ERROR 日志 -->
    <appender name="ERROR_FILE" class="ch.qos.logback.core.rolling.RollingFileAppender">
        <!--日志文件输出格式-->
        <encoder>
            <pattern>${FILE_LOG_PATTERN}</pattern>
            <charset class="java.nio.charset.Charset">UTF-8</charset>
        </encoder>
        <!-- 正在记录的日志文件的路径及文件名 -->
        <file>${log.path}/log_error.log</file>
        <!-- 此日志文件只记录ERROR级别的 -->
        <filter class="ch.qos.logback.classic.filter.LevelFilter">
            <level>ERROR</level>
            <onMatch>ACCEPT</onMatch>
            <onMismatch>DENY</onMismatch>
        </filter>
        <!-- 日志记录器的滚动策略，按日期，按大小记录 -->
        <rollingPolicy class="ch.qos.logback.core.rolling.TimeBasedRollingPolicy">
            <fileNamePattern>${log.path}/error/log-error-%d{yyyy-MM-dd}.%i.log</fileNamePattern>
            <timeBasedFileNamingAndTriggeringPolicy class="ch.qos.logback.core.rolling.SizeAndTimeBasedFNATP">
                <maxFileSize>100MB</maxFileSize>
            </timeBasedFileNamingAndTriggeringPolicy>
            <!--日志文件保留天数-->
            <maxHistory>15</maxHistory>
        </rollingPolicy>
    </appender>

    <!--<appender name="LOGSTASH" class="net.logstash.logback.appender.LogstashTcpSocketAppender">
        <filter class="ch.qos.logback.classic.filter.ThresholdFilter">
            <level>debug</level>
        </filter>
        <destination>192.168.77.200:5044</destination>
        <encoder charset="UTF-8" class="net.logstash.logback.encoder.LogstashEncoder">
            <customFields>{"project": "springboot-logback-elk"}</customFields>
        </encoder>
    </appender>-->

    <!--
        注:日志级别有: trace|debug|info|warn|error|fatal
        注:当有多处指定了要记录的日志的最下日志级别时，走优先级最高的，优先级:
           logback-spring.xml中 > 启动jar包时 > xxx.properties/xxx.yml中
    -->
    <!-- 开发环境 -->
    <springProfile name="dev">
        <logger name="com" level="debug" />
        <root level="info">
            <appender-ref ref="CONSOLE" />
<!--            <appender-ref ref="LOGSTASH" />-->
            <appender-ref ref="INFO_FILE" />
            <appender-ref ref="ERROR_FILE" />
        </root>
    </springProfile>
    <!-- 测试环境+生产环境 -->
    <springProfile name="test,prod">
        <logger name="com" level="info" />
        <root level="info">
<!--            <appender-ref ref="LOGSTASH" />-->
            <appender-ref ref="INFO_FILE" />
            <appender-ref ref="ERROR_FILE" />
        </root>
        <!-- 子节点向上级传递 局部日志级别-->
        <logger level="WARN" name="org.springframework"/>
        <logger level="ERROR" name="jdbc.sqltiming"/>
        <logger level="ERROR" name="jdbc.resultsettable"/>
    </springProfile>
</configuration>