<?xml version="1.0" encoding="UTF-8"?>
<!DOCTYPE mapper PUBLIC "-//mybatis.org//DTD Mapper 3.0//EN" "http://mybatis.org/dtd/mybatis-3-mapper.dtd">
<mapper namespace="com.zlp.mapper.AdminMapper">

    <!-- 通用查询映射结果 -->
    <resultMap id="BaseResultMap" type="com.zlp.entity.Admin">
        <id column="id" property="id" />
        <result column="username" property="username" />
        <result column="password" property="password" />
        <result column="icon" property="icon" />
        <result column="email" property="email" />
        <result column="nick_name" property="nickName" />
        <result column="note" property="note" />
        <result column="create_time" property="createTime" />
        <result column="login_time" property="loginTime" />
        <result column="status" property="status" />
    </resultMap>

    <!-- 通用查询结果列 -->
    <sql id="Base_Column_List">
        id, username, password, icon, email, nick_name, note, create_time, login_time, status
    </sql>
    <select id="pageData" resultType="com.zlp.dto.AdminResp">
        SELECT
            ua.id as userId,
            ua.username as username,
            ua.icon as icon,
            ua.email as email,
            ua.nick_name as nickName,
            ur.`name` as roleName,
            ua.create_time  as createTime
        FROM
            ums_admin ua
            INNER JOIN ums_admin_role_relation uarr ON ua.id = uarr.admin_id
            LEFT JOIN ums_role ur on uarr.role_id = ur.id
        <where>
            <if test="roleName !=null and roleName !=''">
                and (ua.username like concat('%',#{roleName},'%') or ur.`name` like concat('%',#{roleName},'%'))
            </if>
        </where>

    </select>
    <select id="getAdminPageByWraaper" resultType="com.zlp.dto.AdminResp">
         SELECT
            ua.id as userId,
            ua.username as username,
            ua.icon as icon,
            ua.email as email,
            ua.nick_name as nickName,
            ur.`name` as roleName,
            ua.create_time  as createTime
        FROM
            ums_admin ua
            INNER JOIN ums_admin_role_relation uarr ON ua.id = uarr.admin_id
            LEFT JOIN ums_role ur on uarr.role_id = ur.id
        ${ew.customSqlSegment}
    </select>

</mapper>
