<?xml version="1.0" encoding="UTF-8"?>
<!DOCTYPE mapper PUBLIC "-//mybatis.org//DTD Mapper 3.0//EN" "http://mybatis.org/dtd/mybatis-3-mapper.dtd">
<mapper namespace="com.zlp.mapper.RoleMapper">

    <!-- 通用查询映射结果 -->
    <resultMap id="BaseResultMap" type="com.zlp.entity.Role">
        <id column="id" property="id" />
        <result column="name" property="name" />
        <result column="description" property="description" />
        <result column="admin_count" property="adminCount" />
        <result column="create_time" property="createTime" />
        <result column="status" property="status" />
        <result column="sort" property="sort" />
    </resultMap>

    <!-- 通用查询结果列 -->
    <sql id="Base_Column_List">
        id, name, description, admin_count, create_time, status, sort
    </sql>

</mapper>
