<?xml version="1.0" encoding="UTF-8" ?>
<!DOCTYPE mapper
PUBLIC "-//mybatis.org//DTD Mapper 3.0//EN"
"http://mybatis.org/dtd/mybatis-3-mapper.dtd">
<mapper namespace="com.financia.conversion.collect.mapper.MemberExchangeCurrencyFavoriteMapper">
    
    <resultMap type="com.financia.exchange.MemberExchangeCurrencyFavorite" id="MemberCurrencyOllectResult">
        <result property="id"    column="id"    />
        <result property="currencyId"    column="currency_id"    />
        <result property="memberId"    column="member_id"    />
        <result property="createTime"    column="create_time"    />
        <result property="updateTime"    column="update_time"    />
    </resultMap>

    <sql id="selectMemberCurrencyOllectVo">
        select id, currency_id, member_id, create_time, update_time from member_exchange_currency_favorite
    </sql>

    <select id="selectMemberCurrencyOllectList" parameterType="com.financia.exchange.MemberExchangeCurrencyFavorite" resultMap="MemberCurrencyOllectResult">
        <include refid="selectMemberCurrencyOllectVo"/>
        <where>  
            <if test="currencyId != null "> and currency_id = #{currencyId}</if>
            <if test="memberId != null "> and member_id = #{memberId}</if>
        </where>
    </select>
    
    <select id="selectMemberCurrencyOllectById" parameterType="Long" resultMap="MemberCurrencyOllectResult">
        <include refid="selectMemberCurrencyOllectVo"/>
        where id = #{id}
    </select>
        
    <insert id="insertMemberCurrencyOllect" parameterType="com.financia.exchange.MemberExchangeCurrencyFavorite" useGeneratedKeys="true" keyProperty="id">
        insert into member_exchange_currency_favorite
        <trim prefix="(" suffix=")" suffixOverrides=",">
            <if test="currencyId != null">currency_id,</if>
            <if test="memberId != null">member_id,</if>
            <if test="createTime != null">create_time,</if>
            <if test="updateTime != null">update_time,</if>
         </trim>
        <trim prefix="values (" suffix=")" suffixOverrides=",">
            <if test="currencyId != null">#{currencyId},</if>
            <if test="memberId != null">#{memberId},</if>
            <if test="createTime != null">#{createTime},</if>
            <if test="updateTime != null">#{updateTime},</if>
         </trim>
    </insert>

    <update id="updateMemberCurrencyOllect" parameterType="com.financia.exchange.MemberExchangeCurrencyFavorite">
        update member_exchange_currency_favorite
        <trim prefix="SET" suffixOverrides=",">
            <if test="currencyId != null">currency_id = #{currencyId},</if>
            <if test="memberId != null">member_id = #{memberId},</if>
            <if test="createTime != null">create_time = #{createTime},</if>
            <if test="updateTime != null">update_time = #{updateTime},</if>
        </trim>
        where id = #{id}
    </update>

    <delete id="deleteMemberCurrencyOllectById" parameterType="Long">
        delete from member_exchange_currency_favorite where id = #{id}
    </delete>

    <delete id="deleteMemberCurrencyOllectByIds" parameterType="String">
        delete from member_exchange_currency_favorite where id in
        <foreach item="id" collection="array" open="(" separator="," close=")">
            #{id}
        </foreach>
    </delete>
</mapper>