<?xml version="1.0" encoding="UTF-8"?>
<!DOCTYPE mapper PUBLIC "-//mybatis.org//DTD Mapper 3.0//EN" "http://mybatis.org/dtd/mybatis-3-mapper.dtd">
<mapper namespace="com.zlp.mapper.UserMapper">

    <!-- 通用查询映射结果 -->
    <resultMap id="BaseResultMap" type="com.zlp.entity.User">
        <id column="id" property="id" />
        <result column="username" property="username" />
        <result column="password" property="password" />
        <result column="nickname" property="nickname" />
        <result column="user_type" property="userType" />
        <result column="status" property="status" />
        <result column="create_time" property="createTime" />
        <result column="create_user" property="createUser" />
        <result column="update_time" property="updateTime" />
        <result column="update_user" property="updateUser" />
    </resultMap>

    <!-- 通用查询结果列 -->
    <sql id="Base_Column_List">
        id, username, password, nickname, user_type, status, create_time, create_user, update_time, update_user
    </sql>

</mapper>
